{
  "roc_auc": 0.9933343401173438,
  "pr_auc": 0.9674512971422902,
  "report": {
    "0": {
      "precision": 0.97900466562986,
      "recall": 0.9870638965111721,
      "f1-score": 0.983017763029475,
      "support": 2551.0
    },
    "1": {
      "precision": 0.9293361884368309,
      "recall": 0.889344262295082,
      "f1-score": 0.9089005235602095,
      "support": 488.0
    },
    "accuracy": 0.9713721618953604,
    "macro avg": {
      "precision": 0.9541704270333454,
      "recall": 0.938204079403127,
      "f1-score": 0.9459591432948422,
      "support": 3039.0
    },
    "weighted avg": {
      "precision": 0.971028944382674,
      "recall": 0.9713721618953604,
      "f1-score": 0.9711160806138772,
      "support": 3039.0
    }
  }
}